23.413731,0.052826,0,2,1,84,84
23.445766,0.072188,0,1,2,158,158
23.524294,0.052116,0,1,3,232,232
23.593358,0.050011,0,1,4,306,306
23.667611,0.047134,0,1,5,380,380
23.743909,0.053737,0,1,6,454,454
23.821520,0.057628,0,1,7,528,528
23.895023,0.054275,0,1,8,602,602
23.968559,0.050397,0,1,9,676,676
24.043686,0.061228,0,1,10,751,751
24.118759,0.058668,0,1,11,826,826
24.193417,0.052270,0,1,12,901,901
24.268834,0.047459,0,1,13,976,976
24.343496,0.053281,0,1,14,1051,1051
24.419107,0.051100,0,1,15,1126,1126
24.496184,0.055947,0,1,16,1201,1201
24.568799,0.061064,0,1,17,1276,1276
24.644299,0.053650,0,1,18,1351,1351
24.721378,0.057343,0,1,19,1426,1426
24.794177,0.049974,0,1,20,1501,1501
24.871244,0.055064,0,1,21,1576,1576
24.948621,0.057499,0,1,22,1651,1651
25.018979,0.054079,0,1,23,1726,1726
25.093832,0.049769,0,1,24,1801,1801
25.169246,0.060384,0,1,25,1876,1876
25.244040,0.053685,0,1,26,1951,1951
25.319841,0.053944,0,1,27,2025,2025
25.394450,0.051587,0,1,28,2100,2100
25.474017,0.051641,0,1,29,2175,2175
25.545518,0.047009,0,1,30,2250,2250
25.620395,0.058616,0,1,31,2325,2325
25.695112,0.052580,0,1,32,2400,2400
25.770333,0.058817,0,1,33,2475,2475
25.848713,0.059256,0,1,34,2550,2550
25.920421,0.054573,0,1,35,2625,2625
26.001893,0.057757,0,1,36,2700,2700
26.074414,0.047870,0,1,37,2775,2775
26.146004,0.050400,0,1,38,2850,2850
26.223026,0.050898,0,1,39,2925,2925
26.296555,0.064513,0,1,40,3000,3000
26.373558,0.055730,0,1,41,3075,3075
26.446196,0.067047,0,1,42,3150,3150
26.524703,0.049468,0,1,43,3225,3225
26.596308,0.048415,0,1,44,3300,3300
26.671329,0.052444,0,1,45,3375,3375
26.748607,0.057303,0,1,46,3450,3450
26.821434,0.052752,0,1,47,3525,3525
26.899592,0.061825,0,1,48,3600,3600
26.974249,0.058852,0,1,49,3675,3675
27.050250,0.051989,0,1,50,3750,3750
27.122289,0.052667,0,1,51,3825,3825
27.197024,0.047878,0,1,52,3900,3900
27.274005,0.053212,0,1,53,3975,3975
27.349264,0.047458,0,1,54,4050,4050
27.423585,0.048830,0,1,55,4125,4125
27.497533,0.059104,0,1,56,4199,4199
27.575288,0.049755,0,1,57,4274,4274
27.647502,0.049707,0,1,58,4348,4348
27.724564,0.054991,0,1,59,4423,4423
27.797897,0.049485,0,1,60,4498,4498
27.872963,0.051430,0,1,61,4572,4572
27.947995,0.062514,0,1,62,4647,4647
28.026291,0.044136,0,1,63,4722,4722
28.097428,0.056615,0,1,64,4797,4797
28.172834,0.054880,0,1,65,4872,4872
28.248129,0.061443,0,1,66,4947,4947
28.327082,0.051151,0,1,67,5022,5022
28.398352,0.059555,0,1,68,5097,5097
28.474792,0.053790,0,1,69,5172,5172
28.549001,0.056134,0,1,70,5247,5247
28.627262,0.049754,0,1,71,5322,5322
28.699625,0.056655,0,1,72,5397,5397
28.774896,0.050746,0,1,73,5472,5472
28.849628,0.055978,0,1,74,5547,5547
28.924746,0.049531,0,1,75,5622,5622
28.999958,0.061214,0,1,76,5697,5697
29.077075,0.058092,0,1,77,5772,5772
29.151005,0.052965,0,1,78,5847,5847
29.225564,0.051305,0,1,79,5922,5922
29.299550,0.058982,0,1,80,5997,5997
29.375612,0.061578,0,1,81,6072,6072
29.455392,0.055596,0,1,82,6147,6147
29.525776,0.055453,0,1,83,6221,6221
29.600334,0.055114,0,1,84,6296,6296
29.674950,0.052260,0,1,85,6371,6371
29.751954,0.048456,0,1,86,6446,6446
29.827982,0.050473,0,1,87,6521,6521
29.902400,0.057954,0,1,88,6596,6596
29.975658,0.048986,0,1,89,6670,6670
30.051234,0.062938,0,1,90,6744,6744
30.129389,0.062363,0,1,91,6819,6819
30.201440,0.056294,0,1,92,6894,6894
30.278186,0.048139,0,1,93,6968,6968
30.353836,0.052106,0,1,94,7043,7043
30.427963,0.061396,0,1,95,7118,7118
30.503215,0.054239,0,1,96,7193,7193
30.576306,0.049673,0,1,97,7268,7268
30.650887,0.057171,0,1,98,7343,7343
30.727191,0.048644,0,1,99,7418,7418
30.804986,0.050916,0,1,100,7494,7494
30.876574,0.049465,0,1,101,7570,7570
30.952037,0.070052,0,1,102,7646,7646
31.026476,0.047150,0,1,103,7721,7721
31.101887,0.053669,0,1,104,7797,7797
31.177041,0.062939,0,1,105,7873,7873
31.252137,0.055663,0,1,106,7949,7949
31.329833,0.060515,0,1,107,8024,8024
31.402722,0.053490,0,1,108,8100,8100
31.477385,0.061775,0,1,109,8176,8176
31.555012,0.047431,0,1,110,8252,8252
31.633927,0.050586,0,1,111,8328,8328
31.702000,0.054989,0,1,112,8404,8404
31.778259,0.062380,0,1,113,8480,8480
31.855019,0.053401,0,1,114,8556,8556
31.927609,0.063575,0,1,115,8632,8632
32.005774,0.047738,0,1,116,8708,8708
32.077936,0.046339,0,1,117,8784,8784
32.154487,0.055496,0,1,118,8860,8860
32.230484,0.056839,0,1,119,8936,8936
32.302756,0.054124,0,1,120,9012,9012
32.378939,0.055957,0,1,121,9088,9088
32.453680,0.056383,0,1,122,9164,9164
32.529873,0.056796,0,1,123,9240,9240
32.603875,0.057187,0,1,124,9316,9316
32.677618,0.057259,0,1,125,9392,9392
32.753318,0.054525,0,1,126,9468,9468
32.827893,0.056885,0,1,127,9544,9544
32.902943,0.051639,0,1,128,9620,9620
32.981245,0.052345,0,1,129,9696,9696
33.053180,0.054066,0,1,130,9772,9772
33.131896,0.054179,0,1,131,9848,9848
33.209963,0.062199,0,1,132,9924,9924
33.279160,0.061985,0,1,133,10000,10000
33.356383,0.049258,0,1,134,10076,10076
33.429104,0.055548,0,1,135,10152,10152
33.504435,0.049409,0,1,136,10228,10228
33.579546,0.055225,0,1,137,10304,10304
33.657733,0.048081,0,1,138,10380,10380
33.733080,0.058039,0,1,139,10456,10456
33.804815,0.049852,0,1,140,10532,10532
33.880702,0.055060,0,1,141,10608,10608
33.956005,0.050331,0,1,142,10684,10684
34.030732,0.054448,0,1,143,10760,10760
34.106262,0.055622,0,1,144,10836,10836
34.186961,0.046564,0,1,145,10912,10912
34.256811,0.062056,0,1,146,10988,10988
34.331197,0.056115,0,1,147,11064,11064
34.405556,0.047672,0,1,148,11140,11140
34.489063,0.049671,0,1,149,11216,11216
34.564151,0.058349,0,1,150,11292,11292
34.641640,0.057858,0,1,151,11368,11368
34.718384,0.048653,0,1,152,11444,11444
34.791291,0.064429,0,1,153,11520,11520
34.867582,0.051167,0,1,154,11596,11596
34.940755,0.047641,0,1,155,11672,11672
35.015362,0.054398,0,1,156,11746,11746
35.090412,0.061184,0,1,157,11822,11822
35.165519,0.055998,0,1,158,11898,11898
35.241099,0.058904,0,1,159,11974,11974
35.317520,0.048398,0,1,160,12050,12050
35.393345,0.058650,0,1,161,12126,12126
35.466208,0.053460,0,1,162,12202,12202
35.544428,0.058618,0,1,163,12278,12278
35.616503,0.047945,0,1,164,12354,12354
35.691543,0.055293,0,1,165,12430,12430
35.769788,0.047366,0,1,166,12506,12506
35.843613,0.055861,0,1,167,12582,12582
35.919699,0.050139,0,1,168,12658,12658
35.991920,0.070194,0,1,169,12734,12734
36.072751,0.057420,0,1,170,12809,12809
36.142184,0.057850,0,1,171,12885,12885
36.217647,0.048668,0,1,172,12961,12961
36.292688,0.055021,0,1,173,13037,13037
36.367888,0.049308,0,1,174,13113,13113
36.443162,0.056057,0,1,175,13189,13189
36.520579,0.048525,0,1,176,13265,13265
36.593589,0.057307,0,1,177,13341,13341
36.667438,0.049573,0,1,178,13417,13417
36.744336,0.056990,0,1,179,13493,13493
36.822083,0.047478,0,1,180,13569,13569
36.893042,0.058112,0,1,181,13645,13645
36.968718,0.061498,0,1,182,13721,13721
37.043744,0.052518,0,1,183,13797,13797
37.119334,0.061054,0,1,184,13873,13873
37.194125,0.055773,0,1,185,13948,13948
37.272497,0.043601,0,1,186,14024,14024
37.344057,0.053152,0,1,187,14100,14100
37.418898,0.048442,0,1,188,14176,14176
37.494385,0.055194,0,1,189,14252,14252
37.570353,0.094042,0,2,190,14328,14328
37.645813,0.071575,0,1,191,14404,14404
37.720031,0.047125,0,1,192,14480,14480
37.794355,0.051894,0,1,193,14556,14556
37.868665,0.045742,0,1,194,14631,14631
37.943287,0.052971,0,1,195,14706,14706
38.018732,0.059696,0,1,196,14782,14782
38.093779,0.047688,0,1,197,14858,14858
38.169235,0.047324,0,1,198,14934,14934
38.243947,0.055166,0,1,199,15009,15009
38.320283,0.049901,0,1,200,15085,15085
38.394405,0.053964,0,1,201,15161,15161
38.469547,0.046441,0,1,202,15237,15237
38.544959,0.054480,0,1,203,15313,15313
38.620629,0.056578,0,1,204,15389,15389
38.694903,0.054650,0,1,205,15465,15465
38.771957,0.056737,0,1,206,15541,15541
38.847608,0.051509,0,1,207,15617,15617
38.921981,0.046155,0,1,208,15693,15693
38.994395,0.057158,0,1,209,15769,15769
39.069693,0.060188,0,1,210,15845,15845
39.144866,0.050677,0,1,211,15921,15921
39.219745,0.057972,0,1,212,15997,15997
39.295130,0.056720,0,1,213,16073,16073
39.376045,0.052714,0,1,214,16146,16146
39.445136,0.052048,0,1,215,16222,16222
39.520648,0.059568,0,1,216,16298,16298
39.596018,0.049109,0,1,217,16374,16374
39.670650,0.061844,0,1,218,16450,16450
39.745709,0.050143,0,1,219,16525,16525
39.821179,0.052540,0,1,220,16601,16601
39.898231,0.051518,0,1,221,16677,16677
39.974547,0.058091,0,1,222,16753,16753
40.046610,0.051369,0,1,223,16829,16829
40.122049,0.057011,0,1,224,16905,16905
40.196667,0.051427,0,1,225,16981,16981
40.271541,0.059400,0,1,226,17057,17057
40.346544,0.048623,0,1,227,17133,17133
40.422001,0.059563,0,1,228,17209,17209
40.496908,0.052073,0,1,229,17285,17285
40.573475,0.054877,0,1,230,17361,17361
40.645957,0.049990,0,1,231,17436,17436
40.720997,0.060307,0,1,232,17512,17512
40.798637,0.049674,0,1,233,17588,17588
40.873201,0.054411,0,1,234,17664,17664
40.946506,0.047111,0,1,235,17740,17740
41.021608,0.055374,0,1,236,17816,17816
41.097273,0.053193,0,1,237,17892,17892
41.172421,0.060583,0,1,238,17968,17968
41.247509,0.046994,0,1,239,18044,18044
41.322235,0.053308,0,1,240,18120,18120
41.405255,0.055681,0,1,241,18196,18196
41.472907,0.053567,0,1,242,18272,18272
41.547894,0.064320,0,1,243,18348,18348
41.623778,0.067390,0,1,244,18424,18424
41.698367,0.047142,0,1,245,18500,18500
41.772363,0.054769,0,1,246,18576,18576
41.847173,0.049376,0,1,247,18651,18651
41.922433,0.049059,0,1,248,18727,18727
41.997831,0.049956,0,1,249,18803,18803
42.073195,0.054541,0,1,250,18879,18879
42.148146,0.063950,0,1,251,18955,18955
42.224979,0.051109,0,1,252,19031,19031
42.299721,0.062378,0,1,253,19107,19107
42.374686,0.052132,0,1,254,19183,19183
42.463759,0.046483,0,1,255,19259,19259
42.524692,0.052530,0,1,256,19335,19335
42.599979,0.061704,0,1,257,19411,19411
42.675154,0.053291,0,1,258,19487,19487
42.750112,0.047234,0,1,259,19563,19563
42.824597,0.056418,0,1,260,19639,19639
42.900140,0.047032,0,1,261,19714,19714
42.975749,0.051683,0,1,262,19790,19790
43.050537,0.047433,0,1,263,19866,19866
43.131240,0.062593,0,1,264,19941,19941
43.203018,0.062825,0,1,265,20017,20017
43.278144,0.050572,0,1,266,20093,20093
43.349670,0.057319,0,1,267,20169,20169
43.425074,0.053090,0,1,268,20244,20244
43.500169,0.058621,0,1,269,20320,20320
43.576226,0.055358,0,1,270,20396,20396
43.652321,0.054751,0,1,271,20472,20472
43.725326,0.048335,0,1,272,20548,20548
43.801547,0.058189,0,1,273,20624,20624
43.876936,0.050529,0,1,274,20700,20700
43.950734,0.053399,0,1,275,20776,20776
44.026059,0.047178,0,1,276,20852,20852
44.101286,0.060024,0,1,277,20928,20928
44.176321,0.049534,0,1,278,21004,21004
44.251246,0.055082,0,1,279,21080,21080
44.326691,0.050246,0,1,280,21155,21155
44.403957,0.054093,0,1,281,21231,21231
44.476787,0.049378,0,1,282,21307,21307
44.552771,0.054638,0,1,283,21383,21383
44.626913,0.048443,0,1,284,21459,21459
44.702358,0.054318,0,1,285,21535,21535
44.777107,0.048621,0,1,286,21611,21611
44.852172,0.060830,0,1,287,21687,21687
44.927174,0.050273,0,1,288,21763,21763
45.003353,0.057842,0,1,289,21839,21839
45.077338,0.048962,0,1,290,21915,21915
45.152733,0.051845,0,1,291,21991,21991
45.227694,0.049528,0,1,292,22067,22067
45.302953,0.055765,0,1,293,22143,22143
45.377308,0.049419,0,1,294,22219,22219
45.452343,0.051970,0,1,295,22295,22295
45.531293,0.058655,0,1,296,22371,22371
45.602628,0.052629,0,1,297,22447,22447
45.677785,0.048281,0,1,298,22522,22522
46.496572,0.063684,0,11,299,22598,22598
46.496572,0.110364,0,11,300,23355,23355
46.496572,0.110364,0,11,301,23355,23355
46.496572,0.110364,0,11,302,23355,23355
46.496572,0.110364,0,11,303,23355,23355
46.496572,0.110364,0,11,304,23355,23355
46.496572,0.110364,0,11,305,23355,23355
46.496572,0.110364,0,11,306,23355,23355
46.496572,0.110364,0,11,307,23355,23355
46.496572,0.110364,0,11,308,23355,23355
46.499164,0.107772,0,11,309,23355,23355
46.572594,0.083980,0,2,310,23431,23431
46.644545,0.059939,0,1,311,23507,23507
46.719442,0.052938,0,1,312,23582,23582
46.794666,0.048013,0,1,313,23658,23658
46.869714,0.069091,0,1,314,23734,23734
46.944715,0.060193,0,1,315,23810,23810
47.020151,0.056919,0,1,316,23886,23886
47.105416,0.050395,0,1,317,23962,23962
47.172786,0.049438,0,1,318,24038,24038
47.246023,0.060244,0,1,319,24114,24114
47.320512,0.052901,0,1,320,24190,24190
47.395705,0.046692,0,1,321,24266,24266
47.471053,0.052054,0,1,322,24342,24342
47.547040,0.058025,0,1,323,24418,24418
47.623310,0.048861,0,1,324,24493,24493
47.696490,0.059241,0,1,325,24569,24569
47.772376,0.051708,0,1,326,24645,24645
47.846638,0.054551,0,1,327,24721,24721
47.921381,0.046811,0,1,328,24797,24797
47.996964,0.059955,0,1,329,24873,24873
48.072162,0.049120,0,1,330,24949,24949
48.147953,0.056521,0,1,331,25025,25025
48.222103,0.049801,0,1,332,25101,25101
48.298156,0.057724,0,1,333,25177,25177
48.372887,0.051302,0,1,334,25252,25252
48.447439,0.056382,0,1,335,25328,25328
48.522767,0.066194,0,1,336,25404,25404
48.597571,0.052454,0,1,337,25479,25479
48.673093,0.058029,0,1,338,25555,25555
48.748132,0.052865,0,1,339,25631,25631
48.823659,0.049740,0,1,340,25707,25707
48.898051,0.054005,0,1,341,25783,25783
48.973669,0.048204,0,1,342,25858,25858
49.049365,0.055133,0,1,343,25934,25934
49.125891,0.064013,0,1,344,26010,26010
49.199451,0.054201,0,1,345,26086,26086
49.275138,0.049269,0,1,346,26162,26162
49.349243,0.050729,0,1,347,26235,26235
49.424206,0.049007,0,1,348,26311,26311
49.499522,0.055527,0,1,349,26384,26384
49.574820,0.059442,0,1,350,26459,26459
49.652035,0.046905,0,1,351,26535,26535
49.725345,0.062764,0,1,352,26611,26611
49.800129,0.055790,0,1,353,26687,26687
49.875142,0.047110,0,1,354,26763,26763
49.950257,0.049362,0,1,355,26839,26839
50.025178,0.048657,0,1,356,26915,26915
50.100609,0.050737,0,1,357,26991,26991
50.176364,0.058828,0,1,358,27067,27067
50.251464,0.048783,0,1,359,27143,27143
50.325705,0.047696,0,1,360,27219,27219
50.400734,0.051232,0,1,361,27295,27295
50.475822,0.058680,0,1,362,27371,27371
50.550401,0.051969,0,1,363,27447,27447
50.625861,0.046728,0,1,364,27523,27523
50.711517,0.054451,0,1,365,27599,27599
50.775797,0.061838,0,1,366,27675,27675
50.850614,0.056280,0,1,367,27751,27751
50.926301,0.047655,0,1,368,27827,27827
51.000956,0.053693,0,1,369,27903,27903
51.076245,0.059088,0,1,370,27979,27979
51.151315,0.049370,0,1,371,28055,28055
51.230174,0.050599,0,1,372,28131,28131
51.303305,0.051687,0,1,373,28206,28206
51.376547,0.055666,0,1,374,28282,28282
51.452269,0.052717,0,1,375,28357,28357
51.526821,0.057589,0,1,376,28433,28433
51.602349,0.049238,0,1,377,28509,28509
51.677557,0.056258,0,1,378,28585,28585
51.752633,0.052434,0,1,379,28661,28661
51.827812,0.059212,0,1,380,28737,28737
51.902572,0.052438,0,1,381,28812,28812
51.977842,0.054295,0,1,382,28888,28888
52.053544,0.050459,0,1,383,28964,28964
52.127973,0.062200,0,1,384,29040,29040
52.210444,0.050053,0,1,385,29116,29116
52.285988,0.051937,0,1,386,29190,29190
52.362521,0.054502,0,1,387,29266,29266
52.437551,0.047051,0,1,388,29341,29341
52.512492,0.060846,0,1,389,29417,29417
52.585761,0.051194,0,1,390,29493,29493
52.660821,0.059881,0,1,391,29568,29568
52.740551,0.052649,0,1,392,29644,29644
52.816579,0.044991,0,1,393,29720,29720
52.887202,0.049072,0,1,394,29796,29796
52.962411,0.054803,0,1,395,29872,29872
53.037208,0.048684,0,1,396,29948,29948
53.115445,0.046931,0,1,397,30024,30024
53.187631,0.065342,0,1,398,30100,30100
53.264120,0.049560,0,1,399,30176,30176
53.337950,0.059015,0,1,400,30252,30252
53.414993,0.054158,0,1,401,30328,30328
53.488109,0.060985,0,1,402,30404,30404
53.563158,0.053554,0,1,403,30480,30480
53.637077,0.048019,0,1,404,30556,30556
53.712483,0.053952,0,1,405,30632,30632
53.787575,0.044682,0,1,406,30708,30708
53.862911,0.054592,0,1,407,30784,30784
53.938815,0.048164,0,1,408,30860,30860
54.013036,0.055836,0,1,409,30936,30936
54.087908,0.048144,0,1,410,31011,31011
54.162119,0.056054,0,1,411,31087,31087
54.237403,0.047890,0,1,412,31163,31163
54.312931,0.046052,0,1,413,31239,31239
54.387538,0.059555,0,1,414,31315,31315
54.462456,0.055699,0,1,415,31391,31391
54.537584,0.050679,0,1,416,31467,31467
54.612892,0.068645,0,1,417,31542,31542
54.688715,0.060551,0,1,418,31618,31618
54.763310,0.053627,0,1,419,31694,31694
54.838951,0.054699,0,1,420,31770,31770
54.913454,0.052345,0,1,421,31845,31845
54.988145,0.061909,0,1,422,31921,31921
55.063673,0.054164,0,1,423,31997,31997
55.138472,0.058164,0,1,424,32073,32073
55.213981,0.052716,0,1,425,32149,32149
55.288705,0.042043,0,1,426,32225,32225
55.365197,0.048618,0,1,427,32301,32301
55.438425,0.057209,0,1,428,32377,32377
55.513258,0.048906,0,1,429,32453,32453
55.588409,0.059729,0,1,430,32529,32529
55.663688,0.053276,0,1,431,32605,32605
55.738932,0.055346,0,1,432,32681,32681
55.817003,0.045015,0,1,433,32757,32757
55.889561,0.059064,0,1,434,32833,32833
55.966897,0.051834,0,1,435,32909,32909
56.039314,0.062007,0,1,436,32985,32985
56.116013,0.049965,0,1,437,33061,33061
56.188871,0.059630,0,1,438,33137,33137
56.269924,0.062577,0,1,439,33213,33213
56.339316,0.052599,0,1,440,33289,33289
56.416751,0.048834,0,1,441,33365,33365
56.492825,0.056490,0,1,442,33441,33441
56.564756,0.051591,0,1,443,33517,33517
56.641119,0.054646,0,1,444,33593,33593
56.714511,0.052896,0,1,445,33669,33669
56.789743,0.059356,0,1,446,33742,33742
56.868228,0.052721,0,1,447,33818,33818
56.943001,0.054867,0,1,448,33894,33894
57.014476,0.047056,0,1,449,33970,33970
57.089627,0.055953,0,1,450,34046,34046
57.164762,0.049586,0,1,451,34122,34122
57.239942,0.058788,0,1,452,34198,34198
57.314914,0.050136,0,1,453,34274,34274
57.390639,0.056876,0,1,454,34350,34350
57.465357,0.049722,0,1,455,34426,34426
57.540822,0.057557,0,1,456,34502,34502
57.617562,0.046746,0,1,457,34577,34577
57.691278,0.056178,0,1,458,34653,34653
57.765842,0.049755,0,1,459,34729,34729
57.841092,0.050250,0,1,460,34805,34805
57.922498,0.057958,0,1,461,34881,34881
57.990223,0.057780,0,1,462,34957,34957
58.066296,0.062046,0,1,463,35033,35033
58.140716,0.052965,0,1,464,35109,35109
58.216783,0.049241,0,1,465,35185,35185
58.290981,0.055773,0,1,466,35261,35261
58.366133,0.047438,0,1,467,35337,35337
58.443020,0.050512,0,1,468,35413,35413
58.515277,0.048684,0,1,469,35488,35488
58.590535,0.053805,0,1,470,35563,35563
58.666018,0.048311,0,1,471,35639,35639
58.743209,0.048460,0,1,472,35715,35715
58.816287,0.066349,0,1,473,35791,35791
58.896913,0.048657,0,1,474,35867,35867
58.966236,0.047646,0,1,475,35943,35943
59.041184,0.052686,0,1,476,36019,36019
59.116567,0.046807,0,1,477,36095,36095
59.190551,0.055131,0,1,478,36171,36171
59.265383,0.047692,0,1,479,36247,36247
59.340657,0.060330,0,1,480,36323,36323
59.422900,0.057124,0,1,481,36399,36399
59.490680,0.050036,0,1,482,36475,36475
59.566383,0.061210,0,1,483,36551,36551
59.641033,0.052105,0,1,484,36627,36627
59.716169,0.059994,0,1,485,36703,36703
59.791387,0.052172,0,1,486,36779,36779
59.869272,0.064366,0,1,487,36855,36855
59.942640,0.050377,0,1,488,36931,36931
60.017373,0.054656,0,1,489,37007,37007
60.092137,0.055016,0,1,490,37083,37083
60.167909,0.058228,0,1,491,37159,37159
60.241496,0.052431,0,1,492,37235,37235
60.316630,0.046705,0,1,493,37311,37311
60.393006,0.053395,0,1,494,37387,37387
60.469530,0.053066,0,1,495,37463,37463
60.541832,0.053600,0,1,496,37539,37539
60.616727,0.056545,0,1,497,37615,37615
60.691851,0.055220,0,1,498,37690,37690
60.766977,0.057666,0,1,499,37766,37766
60.841288,0.052901,0,1,500,37842,37842
60.917269,0.047595,0,1,501,37917,37917
60.999645,0.055817,0,1,502,37993,37993
61.067357,0.059738,0,1,503,38069,38069
61.142677,0.054194,0,1,504,38145,38145
61.216793,0.055716,0,1,505,38221,38221
61.292641,0.047312,0,1,506,38297,38297
61.368371,0.058858,0,1,507,38370,38370
61.450052,0.051290,0,1,508,38446,38446
61.521984,0.051017,0,1,509,38522,38522
61.600076,0.059232,0,1,510,38598,38598
61.668350,0.057526,0,1,511,38673,38673
61.743857,0.061182,0,1,512,38749,38749
61.818466,0.053474,0,1,513,38825,38825
61.893906,0.049908,0,1,514,38901,38901
61.969939,0.055752,0,1,515,38977,38977
62.044372,0.062861,0,1,516,39053,39053
62.120851,0.050678,0,1,517,39129,39129
62.193794,0.049419,0,1,518,39205,39205
62.268796,0.058337,0,1,519,39281,39281
62.343694,0.048578,0,1,520,39357,39357
62.419160,0.058022,0,1,521,39433,39433
62.494565,0.048370,0,1,522,39509,39509
62.570230,0.072715,0,1,523,39585,39585
62.645954,0.047984,0,1,524,39661,39661
62.725179,0.049741,0,1,525,39737,39737
62.794239,0.050959,0,1,526,39813,39813
62.870427,0.053675,0,1,527,39889,39889
62.948838,0.058305,0,1,528,39965,39965
63.024882,0.047924,0,1,529,40041,40041
63.095075,0.061569,0,1,530,40117,40117
63.181685,0.054688,0,1,531,40193,40193
63.247165,0.060118,0,1,532,40269,40269
63.319559,0.050762,0,1,533,40345,40345
63.395583,0.047425,0,1,534,40421,40421
63.470575,0.053422,0,1,535,40497,40497
63.546855,0.043805,0,1,536,40572,40572
63.621233,0.049206,0,1,537,40648,40648
63.695167,0.047841,0,1,538,40724,40724
63.771240,0.054617,0,1,539,40800,40800
63.846163,0.057383,0,1,540,40875,40875
63.920784,0.051744,0,1,541,40951,40951
64.002021,0.051042,0,1,542,41027,41027
64.072268,0.046112,0,1,543,41103,41103
64.147085,0.051951,0,1,544,41179,41179
64.221535,0.053842,0,1,545,41255,41255
64.296208,0.061587,0,1,546,41331,41331
64.378755,0.058676,0,1,547,41407,41407
64.449380,0.060946,0,1,548,41483,41483
64.522923,0.047120,0,1,549,41559,41559
64.598413,0.059582,0,1,550,41635,41635
64.673924,0.049412,0,1,551,41711,41711
64.753305,0.049555,0,1,552,41784,41784
64.824852,0.049901,0,1,553,41860,41860
64.900812,0.058661,0,1,554,41936,41936
64.972343,0.050133,0,1,555,42012,42012
65.056497,0.065652,0,1,556,42088,42088
65.128576,0.058021,0,1,557,42164,42164
65.197942,0.058654,0,1,558,42240,42240
65.272890,0.052277,0,1,559,42316,42316
65.347973,0.054233,0,1,560,42392,42392
65.423444,0.052771,0,1,561,42468,42468
65.506921,0.049744,0,1,562,42544,42544
65.576729,0.060042,0,1,563,42620,42620
65.650415,0.056807,0,1,564,42696,42696
65.725401,0.049554,0,1,565,42772,42772
65.799962,0.055943,0,1,566,42848,42848
65.875290,0.047670,0,1,567,42924,42924
65.950244,0.054425,0,1,568,43000,43000
66.025386,0.046136,0,1,569,43076,43076
66.105978,0.047042,0,1,570,43152,43152
66.175166,0.055083,0,1,571,43228,43228
66.251257,0.072143,0,1,572,43303,43303
66.325837,0.048049,0,1,573,43379,43379
66.400476,0.053604,0,1,574,43455,43455
66.476329,0.059944,0,1,575,43531,43531
66.551886,0.047551,0,1,576,43607,43607
66.627545,0.059855,0,1,577,43683,43683
66.700950,0.054486,0,1,578,43759,43759
66.776656,0.062393,0,1,579,43835,43835
66.851299,0.049656,0,1,580,43911,43911
66.926482,0.058730,0,1,581,43986,43986
67.001963,0.052822,0,1,582,44062,44062
67.077702,0.051889,0,1,583,44138,44138
67.152768,0.068341,0,1,584,44214,44214
67.226892,0.047443,0,1,585,44290,44290
67.302215,0.052219,0,1,586,44366,44366
67.377229,0.057429,0,1,587,44441,44441
67.454787,0.048960,0,1,588,44517,44517
67.528012,0.069173,0,1,589,44592,44592
67.602894,0.050225,0,1,590,44668,44668
67.678145,0.054889,0,1,591,44741,44741
67.754754,0.118255,0,2,592,44817,44817
67.832487,0.087273,0,2,593,44893,44893
67.903811,0.068045,0,1,594,44969,44969
67.980528,0.052080,0,1,595,45045,45045
68.053779,0.051907,0,1,596,45121,45121
68.129557,0.057904,0,1,597,45197,45197
68.203649,0.051205,0,1,598,45273,45273
68.279871,0.052969,0,1,599,45349,45349
68.354329,0.050589,0,1,600,45425,45425
68.429272,0.058790,0,1,601,45501,45501
68.503733,0.051281,0,1,602,45577,45577
68.579092,0.051234,0,1,603,45653,45653
68.654159,0.051047,0,1,604,45729,45729
68.728552,0.055355,0,1,605,45805,45805
68.803827,0.052532,0,1,606,45881,45881
68.881433,0.049948,0,1,607,45957,45957
68.954018,0.050861,0,1,608,46032,46032
69.029371,0.057466,0,1,609,46108,46108
69.104108,0.046614,0,1,610,46184,46184
69.179089,0.052870,0,1,611,46260,46260
69.254456,0.049223,0,1,612,46336,46336
69.329868,0.054119,0,1,613,46412,46412
69.404716,0.049975,0,1,614,46488,46488
69.480645,0.051516,0,1,615,46564,46564
69.555553,0.048826,0,1,616,46640,46640
69.634013,0.050185,0,1,617,46716,46716
69.708476,0.052864,0,1,618,46792,46792
69.780386,0.050646,0,1,619,46868,46868
69.855525,0.049740,0,1,620,46944,46944
69.941054,0.062115,0,1,621,47019,47019
70.013730,0.051608,0,1,622,47095,47095
70.088974,0.047531,0,1,623,47171,47171
70.166504,0.046766,0,1,624,47247,47247
70.239962,0.059125,0,1,625,47323,47323
70.314419,0.055048,0,1,626,47398,47398
70.389554,0.047442,0,1,627,47473,47473
70.476049,0.055107,0,1,628,47548,47548
70.540022,0.061450,0,1,629,47624,47624
70.615756,0.055829,0,1,630,47700,47700
70.691702,0.053443,0,1,631,47776,47776
70.765940,0.051107,0,1,632,47852,47852
70.840247,0.048394,0,1,633,47928,47928
70.915396,0.050577,0,1,634,48004,48004
70.991066,0.059628,0,1,635,48080,48080
71.066575,0.050759,0,1,636,48155,48155
71.141901,0.055835,0,1,637,48231,48231
71.216672,0.048891,0,1,638,48307,48307
71.291093,0.059926,0,1,639,48383,48383
71.390394,0.054354,0,1,640,48459,48459
71.472636,0.057073,0,1,641,48535,48535
71.531511,0.049054,0,1,642,48611,48611
71.591815,0.059095,0,1,643,48687,48687
71.691127,0.157654,0,3,644,48763,48763
71.807882,0.111687,0,3,645,48915,48915
71.832699,0.086870,0,3,646,48915,48915
71.894575,0.075802,0,1,647,48991,48991
72.036523,0.064443,0,2,648,49066,49066
72.069394,0.082345,0,2,649,49142,49142
72.116623,0.081324,0,1,650,49215,49215
72.200446,0.049275,0,1,651,49291,49291
72.288096,0.059267,0,1,652,49367,49367
72.350175,0.050256,0,1,653,49443,49443
72.427332,0.055806,0,1,654,49519,49519
72.509213,0.271348,1,4,655,49595,49595
72.777047,0.055927,0,4,656,49823,49823
72.777047,0.055927,0,4,657,49823,49823
72.777047,0.055927,0,4,658,49823,49823
72.792035,0.241169,0,3,659,49899,49899
72.979529,0.112035,0,3,660,50051,50051
72.979529,0.112035,0,3,661,50051,50051
73.033666,0.118196,0,2,662,50127,50127
73.093907,0.124039,0,2,663,50203,50203
73.165663,0.130152,0,2,664,50279,50279
73.246564,0.098191,0,1,665,50355,50355
73.346423,0.050388,0,2,666,50431,50431
73.396507,0.054064,0,1,667,50507,50507
73.467118,0.050071,0,1,668,50583,50583
73.542150,0.052941,0,1,669,50659,50659
73.623165,0.057892,0,1,670,50734,50734
73.692691,0.057484,0,1,671,50810,50810
73.766118,0.054501,0,1,672,50886,50886
73.840870,0.059929,0,1,673,50962,50962
73.915696,0.051075,0,1,674,51037,51037
73.990700,0.058164,0,1,675,51113,51113
74.066292,0.046856,0,1,676,51189,51189
74.141291,0.053168,0,1,677,51265,51265
74.217049,0.052933,0,1,678,51341,51341
74.298443,0.046766,0,1,679,51417,51417
74.377366,0.056194,0,1,680,51493,51493
74.447988,0.051594,0,1,681,51569,51569
74.517070,0.047722,0,1,682,51645,51645
74.592101,0.053219,0,1,683,51720,51720
74.669292,0.061455,0,1,684,51793,51793
74.742193,0.049647,0,1,685,51869,51869
74.821094,0.061999,0,1,686,51945,51945
74.892706,0.054147,0,1,687,52020,52020
74.967850,0.048015,0,1,688,52096,52096
75.042278,0.058178,0,1,689,52172,52172
75.118817,0.061757,0,1,690,52248,52248
75.193116,0.051111,0,1,691,52323,52323
75.273610,0.052311,0,1,692,52399,52399
75.343679,0.053847,0,1,693,52475,52475
75.418196,0.047569,0,1,694,52551,52551
75.493679,0.053885,0,1,695,52627,52627
75.569303,0.057931,0,1,696,52703,52703
75.643699,0.052920,0,1,697,52779,52779
75.719932,0.061071,0,1,698,52855,52855
75.795344,0.047936,0,1,699,52931,52931
75.870275,0.051520,0,1,700,53007,53007
75.946768,0.050997,0,1,701,53083,53083
76.020147,0.056915,0,1,702,53158,53158
76.095294,0.051096,0,1,703,53234,53234
76.170802,0.054244,0,1,704,53309,53309
76.245723,0.051278,0,1,705,53384,53384
76.320445,0.053320,0,1,706,53460,53460
76.395589,0.051432,0,1,707,53535,53535
76.469897,0.055287,0,1,708,53611,53611
76.545211,0.064164,0,1,709,53687,53687
76.619192,0.059815,0,1,710,53763,53763
76.694243,0.053038,0,1,711,53839,53839
76.769229,0.055564,0,1,712,53915,53915
76.844422,0.045305,0,1,713,53991,53991
76.920804,0.054336,0,1,714,54067,54067
76.995379,0.049425,0,1,715,54143,54143
77.071687,0.054913,0,1,716,54219,54219
77.146516,0.049436,0,1,717,54295,54295
77.220105,0.059475,0,1,718,54371,54371
77.295932,0.049818,0,1,719,54447,54447
77.370487,0.050403,0,1,720,54523,54523
77.445713,0.047818,0,1,721,54599,54599
77.521311,0.058156,0,1,722,54675,54675
77.596947,0.048882,0,1,723,54751,54751
77.672307,0.049568,0,1,724,54827,54827
77.746765,0.048673,0,1,725,54903,54903
77.822032,0.053330,0,1,726,54979,54979
77.901239,0.055715,0,1,727,55055,55055
77.971928,0.056327,0,1,728,55130,55130
78.046465,0.050454,0,1,729,55206,55206
78.121707,0.055256,0,1,730,55282,55282
78.198364,0.062003,0,1,731,55358,55358
78.272899,0.053032,0,1,732,55434,55434
78.346814,0.063618,0,1,733,55510,55510
78.425238,0.049867,0,1,734,55586,55586
78.496936,0.048542,0,1,735,55662,55662
78.572373,0.055346,0,1,736,55737,55737
78.646657,0.050696,0,1,737,55813,55813
78.722370,0.050371,0,1,738,55889,55889
78.797232,0.048103,0,1,739,55965,55965
78.872471,0.055137,0,1,740,56041,56041
78.947247,0.059580,0,1,741,56117,56117
79.023007,0.051379,0,1,742,56193,56193
79.098011,0.046368,0,1,743,56269,56269
79.172616,0.056659,0,1,744,56345,56345
79.248639,0.056408,0,1,745,56421,56421
79.325810,0.066281,0,1,746,56497,56497
79.398510,0.052630,0,1,747,56573,56573
79.474328,0.051118,0,1,748,56649,56649
79.549078,0.053989,0,1,749,56725,56725
79.624070,0.051580,0,1,750,56801,56801
79.698865,0.055808,0,1,751,56877,56877
79.774723,0.052684,0,1,752,56953,56953
79.849503,0.060779,0,1,753,57029,57029
79.924003,0.046228,0,1,754,57105,57105
79.999187,0.045315,0,1,755,57181,57181
80.074963,0.047913,0,1,756,57257,57257
80.154036,0.054607,0,1,757,57333,57333
80.232970,0.056900,0,1,758,57409,57409
80.305057,0.057307,0,1,759,57485,57485
80.383732,0.058718,0,1,760,57560,57560
80.456378,0.051689,0,1,761,57636,57636
80.533295,0.055835,0,1,762,57712,57712
80.603516,0.054053,0,1,763,57788,57788
80.685530,0.056677,0,1,764,57864,57864
80.766303,0.069153,0,2,765,57940,57940
80.829416,0.059641,0,1,766,58016,58016
80.902037,0.053763,0,1,767,58092,58092
80.981362,0.057969,0,1,768,58168,58168
81.054042,0.068698,0,1,769,58244,58244
81.127059,0.048880,0,1,770,58320,58320
81.203102,0.056285,0,1,771,58396,58396
81.280729,0.062826,0,1,772,58472,58472
81.358614,0.047122,0,1,773,58548,58548
81.429052,0.052163,0,1,774,58624,58624
81.504737,0.053169,0,1,775,58700,58700
81.582535,0.054874,0,1,776,58776,58776
81.657808,0.048694,0,1,777,58852,58852
81.728089,0.048122,0,1,778,58928,58928
81.803243,0.055345,0,1,779,59004,59004
81.877927,0.060492,0,1,780,59077,59077
81.953081,0.053266,0,1,781,59153,59153
82.029159,0.059832,0,1,782,59229,59229
82.103679,0.047585,0,1,783,59305,59305
82.182688,0.053663,0,1,784,59380,59380
82.253996,0.048297,0,1,785,59455,59455
82.329515,0.059337,0,1,786,59531,59531
82.404346,0.049916,0,1,787,59607,59607
82.479196,0.055100,0,1,788,59683,59683
82.554090,0.049228,0,1,789,59759,59759
82.629301,0.054811,0,1,790,59835,59835
82.705733,0.047033,0,1,791,59911,59911
82.782573,0.058637,0,1,792,59987,59987
82.861322,0.048441,0,1,793,60063,60063
82.929791,0.053427,0,1,794,60139,60139
83.005013,0.048772,0,1,795,60215,60215
83.080511,0.059081,0,1,796,60291,60291
83.155500,0.053232,0,1,797,60367,60367
83.230496,0.058614,0,1,798,60443,60443
83.306178,0.050067,0,1,799,60519,60519
83.381123,0.060150,0,1,800,60595,60595
83.456042,0.050834,0,1,801,60670,60670
83.536653,0.043849,0,1,802,60746,60746
83.615894,0.056859,0,1,803,60821,60821
83.681023,0.057605,0,1,804,60897,60897
83.755976,0.049789,0,1,805,60973,60973
83.831678,0.052746,0,1,806,61049,61049
83.906471,0.050611,0,1,807,61123,61123
83.981946,0.055180,0,1,808,61199,61199
84.064377,0.052775,0,1,809,61275,61275
84.131631,0.055258,0,1,810,61351,61351
84.206762,0.049139,0,1,811,61427,61427
84.281934,0.053991,0,1,812,61503,61503
84.356946,0.048407,0,1,813,61579,61579
84.432102,0.051562,0,1,814,61655,61655
84.507204,0.060645,0,1,815,61730,61730
84.582288,0.053482,0,1,816,61806,61806
84.658026,0.058894,0,1,817,61882,61882
84.732516,0.050364,0,1,818,61958,61958
84.807692,0.048171,0,1,819,62034,62034
84.882800,0.100011,0,2,820,62110,62110
84.960306,0.073845,0,1,821,62186,62186
85.036933,0.050708,0,1,822,62262,62262
85.113998,0.052992,0,1,823,62338,62338
85.183607,0.052364,0,1,824,62414,62414
85.261142,0.059433,0,1,825,62490,62490
85.334173,0.054504,0,1,826,62566,62566
85.408977,0.061036,0,1,827,62641,62641
85.484434,0.052977,0,1,828,62717,62717
85.559091,0.045335,0,1,829,62793,62793
85.634406,0.052048,0,1,830,62869,62869
85.709860,0.060788,0,1,831,62945,62945
85.784598,0.052750,0,1,832,63021,63021
85.859799,0.056244,0,1,833,63097,63097
85.934956,0.052330,0,1,834,63172,63172
86.009921,0.061107,0,1,835,63248,63248
86.085966,0.045887,0,1,836,63324,63324
86.160331,0.055996,0,1,837,63400,63400
86.236024,0.053466,0,1,838,63476,63476
86.310582,0.058881,0,1,839,63552,63552
86.387905,0.049154,0,1,840,63628,63628
86.461011,0.054576,0,1,841,63704,63704
86.536327,0.051530,0,1,842,63780,63780
86.613884,0.051468,0,1,843,63856,63856
86.690434,0.058459,0,1,844,63932,63932
86.760317,0.055427,0,1,845,64008,64008
86.835514,0.050451,0,1,846,64084,64084
86.910955,0.057904,0,1,847,64160,64160
86.986340,0.049938,0,1,848,64236,64236
87.061259,0.074223,0,1,849,64312,64312
87.138914,0.050780,0,1,850,64388,64388
87.211475,0.052317,0,1,851,64464,64464
87.286765,0.047410,0,1,852,64540,64540
87.362170,0.054103,0,1,853,64615,64615
87.436082,0.045798,0,1,854,64691,64691
87.511069,0.057166,0,1,855,64767,64767
87.593692,0.049457,0,1,856,64843,64843
87.672219,0.058288,0,1,857,64919,64919
87.744110,0.055501,0,1,858,64995,64995
87.818794,0.049227,0,1,859,65071,65071
87.893722,0.057416,0,1,860,65147,65147
87.969117,0.049953,0,1,861,65223,65223
88.044144,0.053509,0,1,862,65299,65299
88.119682,0.045376,0,1,863,65375,65375
88.194878,0.048735,0,1,864,65451,65451
88.269916,0.093467,0,2,865,65527,65527
88.348288,0.063844,0,1,866,65603,65603
88.420112,0.058148,0,1,867,65679,65679
88.496630,0.050747,0,1,868,65755,65755
88.570586,0.059345,0,1,869,65831,65831
88.645709,0.048244,0,1,870,65907,65907
88.721868,0.044366,0,1,871,65983,65983
88.795732,0.055610,0,1,872,66059,66059
88.870784,0.050393,0,1,873,66135,66135
88.947955,0.051361,0,1,874,66211,66211
89.021559,0.061178,0,1,875,66287,66287
89.096597,0.049427,0,1,876,66363,66363
89.172566,0.057629,0,1,877,66439,66439
89.247156,0.054184,0,1,878,66515,66515
89.321637,0.054720,0,1,879,66591,66591
89.397219,0.047689,0,1,880,66667,66667
89.472266,0.063274,0,1,881,66743,66743
89.547213,0.053342,0,1,882,66819,66819
89.622389,0.055824,0,1,883,66895,66895
89.697624,0.045944,0,1,884,66971,66971
89.772805,0.058061,0,1,885,67046,67046
89.848012,0.048053,0,1,886,67122,67122
89.923863,0.054117,0,1,887,67198,67198
90.004079,0.062853,0,1,888,67271,67271
90.075563,0.054786,0,1,889,67347,67347
90.148874,0.064547,0,1,890,67423,67423
90.223953,0.058957,0,1,891,67499,67499
90.298341,0.048811,0,1,892,67575,67575
90.373834,0.057995,0,1,893,67651,67651
90.449024,0.050181,0,1,894,67727,67727
90.524095,0.053690,0,1,895,67803,67803
90.600086,0.049839,0,1,896,67879,67879
90.675116,0.057688,0,1,897,67955,67955
90.750888,0.045765,0,1,898,68031,68031
90.824580,0.057562,0,1,899,68107,68107
90.899776,0.049445,0,1,900,68183,68183
90.975010,0.058210,0,1,901,68259,68259
91.049420,0.061866,0,1,902,68335,68335
91.124967,0.058005,0,1,903,68411,68411
91.200788,0.047904,0,1,904,68487,68487
91.274568,0.056015,0,1,905,68563,68563
91.350135,0.062031,0,1,906,68639,68639
91.425379,0.051494,0,1,907,68715,68715
91.499754,0.047946,0,1,908,68791,68791
91.575566,0.058228,0,1,909,68867,68867
91.650617,0.048370,0,1,910,68943,68943
91.725565,0.050464,0,1,911,69019,69019
91.801331,0.044885,0,1,912,69095,69095
91.876177,0.055605,0,1,913,69171,69171
91.951087,0.058964,0,1,914,69247,69247
92.026700,0.055305,0,1,915,69323,69323
92.101028,0.058930,0,1,916,69399,69399
92.176843,0.052196,0,1,917,69475,69475
92.251676,0.050162,0,1,918,69551,69551
92.328876,0.048414,0,1,919,69627,69627
92.401407,0.061680,0,1,920,69702,69702
92.476475,0.055563,0,1,921,69778,69778
92.551954,0.060863,0,1,922,69854,69854
92.627250,0.051554,0,1,923,69930,69930
92.701990,0.062266,0,1,924,70006,70006
92.777670,0.052282,0,1,925,70082,70082
92.852057,0.056555,0,1,926,70158,70158
92.927329,0.048954,0,1,927,70233,70233
93.002111,0.045824,0,1,928,70309,70309
93.077384,0.052532,0,1,929,70385,70385
93.152264,0.061335,0,1,930,70461,70461
93.227461,0.055051,0,1,931,70537,70537
93.306392,0.051646,0,1,932,70613,70613
93.377631,0.051493,0,1,933,70689,70689
93.455376,0.052603,0,1,934,70765,70765
93.527834,0.051796,0,1,935,70841,70841
93.603427,0.058556,0,1,936,70917,70917
93.678281,0.050456,0,1,937,70993,70993
93.753811,0.055148,0,1,938,71069,71069
93.828629,0.049133,0,1,939,71145,71145
93.903506,0.057930,0,1,940,71221,71221
93.978923,0.049766,0,1,941,71297,71297
94.054954,0.058651,0,1,942,71373,71373
94.129021,0.051883,0,1,943,71448,71448
94.204315,0.056859,0,1,944,71524,71524
94.280182,0.051320,0,1,945,71599,71599
94.355393,0.049062,0,1,946,71675,71675
94.430713,0.062209,0,1,947,71751,71751
94.505613,0.053413,0,1,948,71827,71827
94.581604,0.049492,0,1,949,71903,71903
94.654638,0.055197,0,1,950,71979,71979
94.729728,0.050207,0,1,951,72055,72055
94.804177,0.054570,0,1,952,72131,72131
94.880053,0.049525,0,1,953,72207,72207
94.955260,0.051235,0,1,954,72283,72283
95.029785,0.049529,0,1,955,72359,72359
95.104229,0.056209,0,1,956,72435,72435
95.179312,0.060514,0,1,957,72511,72511
95.254477,0.050488,0,1,958,72587,72587
95.333867,0.053208,0,1,959,72662,72662
95.405999,0.047889,0,1,960,72738,72738
95.479752,0.047517,0,1,961,72814,72814
95.554457,0.057881,0,1,962,72890,72890
95.629755,0.048911,0,1,963,72966,72966
95.706237,0.055408,0,1,964,73042,73042
95.779912,0.057997,0,1,965,73118,73118
95.856167,0.066879,0,1,966,73194,73194
95.930289,0.059004,0,1,967,73270,73270
96.005416,0.053010,0,1,968,73346,73346
96.081051,0.060783,0,1,969,73422,73422
96.156067,0.048551,0,1,970,73497,73497
96.231547,0.046644,0,1,971,73573,73573
96.306190,0.052731,0,1,972,73648,73648
96.383386,0.061132,0,1,973,73724,73724
96.456582,0.048828,0,1,974,73800,73800
96.531391,0.059803,0,1,975,73876,73876
96.606851,0.053160,0,1,976,73952,73952
96.681952,0.047885,0,1,977,74028,74028
96.757311,0.053707,0,1,978,74104,74104
96.835595,0.059566,0,1,979,74180,74180
96.907667,0.052397,0,1,980,74256,74256
96.982195,0.054813,0,1,981,74332,74332
97.057303,0.052124,0,1,982,74408,74408
97.132893,0.060786,0,1,983,74484,74484
97.208043,0.049596,0,1,984,74560,74560
97.284045,0.055217,0,1,985,74636,74636
97.357322,0.060747,0,1,986,74712,74712
97.432906,0.055697,0,1,987,74788,74788
97.508041,0.048903,0,1,988,74864,74864
97.582110,0.053542,0,1,989,74940,74940
97.657273,0.046220,0,1,990,75016,75016
97.732474,0.056710,0,1,991,75092,75092
97.807454,0.049272,0,1,992,75168,75168
97.882604,0.054146,0,1,993,75244,75244
97.959003,0.046714,0,1,994,75320,75320
98.031993,0.058880,0,1,995,75393,75393
98.107243,0.053233,0,1,996,75469,75469
98.184306,0.055036,0,1,997,75545,75545
98.257703,0.051398,0,1,998,75621,75621
98.332513,0.057434,0,1,999,75697,75697
98.408302,0.046461,0,1,1000,75774,75774
98.483889,0.056136,0,1,1001,75851,75851
98.558784,0.049425,0,1,1002,75928,75928
98.633356,0.058200,0,1,1003,76005,76005
98.708477,0.062037,0,1,1004,76082,76082
98.783527,0.051146,0,1,1005,76159,76159
98.858963,0.048516,0,1,1006,76236,76236
98.939908,0.044225,0,1,1007,76313,76313
99.009212,0.059995,0,1,1008,76387,76387
99.088840,0.048334,0,1,1009,76464,76464
99.158374,0.049139,0,1,1010,76541,76541
99.233635,0.071714,0,1,1011,76618,76618
99.308655,0.046916,0,1,1012,76695,76695
99.386445,0.055043,0,1,1013,76772,76772
99.461603,0.060691,0,1,1014,76849,76849
99.536379,0.050222,0,1,1015,76925,76925
99.611156,0.057256,0,1,1016,77002,77002
99.696055,0.058616,0,1,1017,77079,77079
99.760846,0.058687,0,1,1018,77156,77156
99.835571,0.055328,0,1,1019,77233,77233
99.913666,0.051448,0,1,1020,77310,77310
99.984951,0.046832,0,1,1021,77387,77387
100.061907,0.060906,0,1,1022,77464,77464
100.135470,0.052436,0,1,1023,77541,77541
100.213258,0.051071,0,1,1024,77618,77618
100.286675,0.053323,0,1,1025,77695,77695
100.362199,0.050074,0,1,1026,77772,77772
100.438858,0.045374,0,1,1027,77849,77849
100.520845,0.053229,0,1,1028,77926,77926
100.585380,0.052270,0,1,1029,78003,78003
100.661068,0.059396,0,1,1030,78080,78080
100.735530,0.053933,0,1,1031,78157,78157
100.810731,0.060977,0,1,1032,78234,78234
100.885802,0.050025,0,1,1033,78311,78311
100.961346,0.045648,0,1,1034,78388,78388
101.035893,0.051214,0,1,1035,78465,78465
101.110320,0.060389,0,1,1036,78542,78542
101.185035,0.054588,0,1,1037,78619,78619
101.260487,0.056181,0,1,1038,78696,78696
101.337838,0.049036,0,1,1039,78773,78773
101.410911,0.059163,0,1,1040,78847,78847
101.498109,0.049924,0,1,1041,78924,78924
101.561973,0.049870,0,1,1042,79001,79001
101.636362,0.047354,0,1,1043,79078,79078
101.710225,0.060667,0,1,1044,79155,79155
101.785214,0.052237,0,1,1045,79232,79232
101.860256,0.055873,0,1,1046,79309,79309
101.935575,0.049007,0,1,1047,79386,79386
102.011700,0.056766,0,1,1048,79463,79463
102.085541,0.049532,0,1,1049,79540,79540
102.160932,0.076399,0,1,1050,79617,79617
102.239628,0.048044,0,1,1051,79694,79694
102.310910,0.060264,0,1,1052,79771,79771
102.386090,0.051913,0,1,1053,79848,79848
102.461369,0.054532,0,1,1054,79925,79925
102.537885,0.045604,0,1,1055,80002,80002
102.612119,0.059932,0,1,1056,80079,80079
102.686666,0.049119,0,1,1057,80156,80156
102.761886,0.053478,0,1,1058,80233,80233
102.842627,0.061807,0,1,1059,80310,80310
102.920585,0.049817,0,1,1060,80387,80387
102.994942,0.054290,0,1,1061,80463,80463
103.063781,0.058119,0,1,1062,80540,80540
103.137686,0.051232,0,1,1063,80617,80617
103.212819,0.058036,0,1,1064,80694,80694
103.288686,0.048071,0,1,1065,80770,80770
103.363479,0.059859,0,1,1066,80847,80847
103.440467,0.062509,0,1,1067,80924,80924
103.571347,0.047979,0,2,1068,81001,81001
103.592456,0.121014,0,2,1069,81078,81078
103.695591,0.070462,0,2,1070,81155,81155
103.743794,0.070725,0,1,1071,81231,81231
103.868603,0.097915,0,2,1072,81308,81308
103.902857,0.116473,0,2,1073,81385,81385
103.968476,0.114805,0,2,1074,81462,81462
104.041946,0.090496,0,1,1075,81539,81539
104.134221,0.052526,0,1,1076,81616,81616
104.189717,0.063140,0,1,1077,81693,81693
104.265315,0.053839,0,1,1078,81770,81770
104.339578,0.059072,0,1,1079,81847,81847
104.414869,0.053367,0,1,1080,81924,81924
104.489614,0.059052,0,1,1081,82001,82001
104.566968,0.049321,0,1,1082,82078,82078
104.640925,0.061316,0,1,1083,82155,82155
104.717010,0.051907,0,1,1084,82232,82232
104.790051,0.055023,0,1,1085,82309,82309
104.863806,0.048770,0,1,1086,82386,82386
104.939126,0.110733,0,2,1087,82463,82463
105.026530,0.072970,0,2,1088,82540,82540
105.094838,0.051541,0,1,1089,82617,82617
105.218564,0.064806,0,2,1090,82694,82694
105.240157,0.138717,0,2,1091,82771,82771
105.333427,0.108819,0,2,1092,82848,82848
105.439147,0.078692,0,2,1093,82925,82925
105.474146,0.102117,0,2,1094,83002,83002
105.548773,0.078476,0,2,1095,83079,83079
105.624514,0.059976,0,1,1096,83156,83156
105.700221,0.050601,0,1,1097,83233,83233
105.775737,0.059074,0,1,1098,83310,83310
105.849446,0.050832,0,1,1099,83387,83387
105.924475,0.058311,0,1,1100,83463,83463
105.999849,0.053337,0,1,1101,83540,83540
106.075642,0.053125,0,1,1102,83617,83617
106.153056,0.059128,0,1,1103,83694,83694
106.225550,0.053600,0,1,1104,83771,83771
106.300915,0.049177,0,1,1105,83848,83848
106.377080,0.048555,0,1,1106,83925,83925
106.452335,0.049567,0,1,1107,84002,84002
106.526697,0.050614,0,1,1108,84079,84079
106.605000,0.061729,0,1,1109,84156,84156
106.676539,0.056513,0,1,1110,84232,84232
106.750716,0.048379,0,1,1111,84309,84309
106.828327,0.054674,0,1,1112,84386,84386
106.901375,0.046119,0,1,1113,84463,84463
106.977668,0.054179,0,1,1114,84540,84540
107.051692,0.048670,0,1,1115,84617,84617
107.126740,0.051302,0,1,1116,84694,84694
107.201350,0.051482,0,1,1117,84771,84771
107.278581,0.054437,0,1,1118,84848,84848
107.351714,0.049023,0,1,1119,84925,84925
107.426983,0.051423,0,1,1120,85002,85002
107.505075,0.057507,0,1,1121,85078,85078
107.577249,0.055936,0,1,1122,85155,85155
107.652104,0.051039,0,1,1123,85232,85232
107.726614,0.049752,0,1,1124,85309,85309
107.802230,0.062813,0,1,1125,85386,85386
107.876400,0.051494,0,1,1126,85463,85463
107.951760,0.061061,0,1,1127,85540,85540
108.027357,0.056877,0,1,1128,85617,85617
108.101915,0.058872,0,1,1129,85694,85694
108.181423,0.047614,0,1,1130,85771,85771
108.253777,0.061256,0,1,1131,85848,85848
108.327583,0.055582,0,1,1132,85925,85925
108.403751,0.060291,0,1,1133,86002,86002
108.477503,0.051064,0,1,1134,86079,86079
108.552969,0.047449,0,1,1135,86156,86156
108.628221,0.045153,0,1,1136,86233,86233
108.706155,0.057183,0,1,1137,86310,86310
108.779422,0.051451,0,1,1138,86387,86387
108.852064,0.062390,0,1,1139,86464,86464
108.927817,0.054773,0,1,1140,86541,86541
109.002626,0.061893,0,1,1141,86618,86618
109.078322,0.051316,0,1,1142,86695,86695
109.156378,0.054112,0,1,1143,86772,86772
109.228071,0.045340,0,1,1144,86849,86849
109.302935,0.060363,0,1,1145,86926,86926
109.378559,0.053361,0,1,1146,87002,87002
109.453748,0.126438,0,2,1147,87079,87079
109.535727,0.092776,0,2,1148,87156,87156
109.604085,0.075057,0,1,1149,87230,87230
109.682161,0.057960,0,1,1150,87307,87307
109.754691,0.057779,0,1,1151,87384,87384
109.829778,0.063466,0,1,1152,87461,87461
109.904481,0.057715,0,1,1153,87538,87538
109.980789,0.049226,0,1,1154,87615,87615
110.055030,0.060343,0,1,1155,87692,87692
110.130559,0.050481,0,1,1156,87769,87769
110.209029,0.051512,0,1,1157,87846,87846
110.279780,0.058206,0,1,1158,87923,87923
110.357037,0.052145,0,1,1159,88000,88000
110.429154,0.063854,0,1,1160,88077,88077
110.505130,0.059542,0,1,1161,88154,88154
110.582890,0.059580,0,1,1162,88231,88231
110.656901,0.050688,0,1,1163,88308,88308
110.730517,0.047971,0,1,1164,88385,88385
110.805000,0.055064,0,1,1165,88462,88462
110.878935,0.051630,0,1,1166,88539,88539
110.955711,0.050797,0,1,1167,88616,88616
111.030091,0.062215,0,1,1168,88693,88693
111.105136,0.053452,0,1,1169,88770,88770
111.179524,0.057553,0,1,1170,88847,88847
111.259508,0.053919,0,1,1171,88924,88924
111.330770,0.048946,0,1,1172,89001,89001
111.404444,0.056539,0,1,1173,89078,89078
111.481018,0.048445,0,1,1174,89155,89155
111.556028,0.051566,0,1,1175,89232,89232
111.630856,0.055610,0,1,1176,89309,89309
111.705388,0.052570,0,1,1177,89385,89385
111.783194,0.053320,0,1,1178,89462,89462
111.855663,0.050475,0,1,1179,89539,89539
111.931177,0.060186,0,1,1180,89616,89616
112.006459,0.051110,0,1,1181,89693,89693
112.081321,0.046488,0,1,1182,89770,89770
112.156389,0.051454,0,1,1183,89847,89847
112.232333,0.049663,0,1,1184,89924,89924
112.307937,0.049087,0,1,1185,89995,89995
112.381126,0.047736,0,1,1186,90072,90072
112.456759,0.055142,0,1,1187,90149,90149
112.532413,0.061054,0,1,1188,90226,90226
112.607858,0.053858,0,1,1189,90303,90303
112.681991,0.056073,0,1,1190,90380,90380
112.757252,0.055515,0,1,1191,90457,90457
112.831991,0.060901,0,1,1192,90534,90534
112.906293,0.053281,0,1,1193,90611,90611
112.982246,0.055578,0,1,1194,90688,90688
113.057091,0.056205,0,1,1195,90765,90765
113.132820,0.059879,0,1,1196,90842,90842
113.206955,0.053097,0,1,1197,90919,90919
113.290042,0.045357,0,1,1198,90996,90996
113.357677,0.048375,0,1,1199,91073,91073
113.432152,0.059456,0,1,1200,91150,91150
113.508827,0.049847,0,1,1201,91227,91227
113.583332,0.050970,0,1,1202,91304,91304
113.661351,0.047794,0,1,1203,91381,91381
113.734100,0.060114,0,1,1204,91452,91452
113.808857,0.044599,0,1,1205,91529,91529
113.882328,0.053654,0,1,1206,91606,91606
113.957612,0.052723,0,1,1207,91683,91683
114.035352,0.054807,0,1,1208,91760,91760
114.108107,0.053117,0,1,1209,91837,91837
114.183363,0.055551,0,1,1210,91914,91914
114.258125,0.049352,0,1,1211,91991,91991
114.333041,0.054853,0,1,1212,92068,92068
114.407177,0.049573,0,1,1213,92145,92145
114.483020,0.057171,0,1,1214,92222,92222
114.558469,0.048761,0,1,1215,92299,92299
114.635113,0.057998,0,1,1216,92376,92376
114.708177,0.048798,0,1,1217,92453,92453
114.783414,0.055169,0,1,1218,92530,92530
114.865253,0.058246,0,1,1219,92607,92607
114.932215,0.059304,0,1,1220,92684,92684
115.008048,0.050402,0,1,1221,92761,92761
115.084733,0.052137,0,1,1222,92838,92838
115.157967,0.063112,0,1,1223,92915,92915
115.232477,0.055988,0,1,1224,92991,92991
115.309481,0.048409,0,1,1225,93067,93067
115.392046,0.047702,0,1,1226,93144,93144
115.459337,0.048814,0,1,1227,93221,93221
115.533252,0.054638,0,1,1228,93298,93298
115.608366,0.061768,0,1,1229,93375,93375
115.684260,0.059078,0,1,1230,93452,93452
115.758654,0.048820,0,1,1231,93529,93529
115.834307,0.058912,0,1,1232,93606,93606
115.908942,0.047345,0,1,1233,93683,93683
115.984611,0.053355,0,1,1234,93760,93760
116.059919,0.058880,0,1,1235,93837,93837
116.137057,0.054290,0,1,1236,93914,93914
116.210417,0.060106,0,1,1237,93991,93991
116.285379,0.049954,0,1,1238,94068,94068
116.361018,0.048971,0,1,1239,94145,94145
116.435155,0.053834,0,1,1240,94222,94222
116.510497,0.058751,0,1,1241,94299,94299
116.585936,0.049487,0,1,1242,94376,94376
116.660163,0.048515,0,1,1243,94453,94453
116.735784,0.054700,0,1,1244,94530,94530
116.810338,0.047613,0,1,1245,94607,94607
116.885678,0.049367,0,1,1246,94684,94684
116.960974,0.045389,0,1,1247,94761,94761
117.035848,0.053572,0,1,1248,94838,94838
117.113628,0.057908,0,1,1249,94915,94915
117.187847,0.052929,0,1,1250,94992,94992
117.262611,0.062545,0,1,1251,95069,95069
117.338033,0.051022,0,1,1252,95146,95146
117.416712,0.048690,0,1,1253,95223,95223
117.487441,0.044824,0,1,1254,95300,95300
117.563068,0.061014,0,1,1255,95377,95377
117.638232,0.051123,0,1,1256,95454,95454
117.714696,0.055555,0,1,1257,95531,95531
117.789418,0.064634,0,1,1258,95608,95608
117.865096,0.060050,0,1,1259,95685,95685
117.939490,0.044412,0,1,1260,95762,95762
118.015911,0.052543,0,1,1261,95838,95838
118.090035,0.051196,0,1,1262,95915,95915
118.165050,0.054917,0,1,1263,95992,95992
118.240389,0.049355,0,1,1264,96069,96069
118.315326,0.051400,0,1,1265,96146,96146
118.388642,0.048412,0,1,1266,96223,96223
118.464741,0.053363,0,1,1267,96300,96300
118.541632,0.046042,0,1,1268,96376,96376
118.617215,0.051573,0,1,1269,96453,96453
118.690081,0.048567,0,1,1270,96530,96530
118.765419,0.056307,0,1,1271,96607,96607
118.841083,0.057244,0,1,1272,96684,96684
118.914414,0.051493,0,1,1273,96761,96761
118.989975,0.047092,0,1,1274,96835,96835
119.064418,0.056483,0,1,1275,96912,96912
119.138500,0.048541,0,1,1276,96989,96989
119.213919,0.053372,0,1,1277,97066,97066
119.289440,0.049462,0,1,1278,97143,97143
119.364857,0.056775,0,1,1279,97220,97220
119.439598,0.049811,0,1,1280,97297,97297
119.520830,0.050461,0,1,1281,97374,97374
119.590149,0.060940,0,1,1282,97451,97451
119.667348,0.051237,0,1,1283,97528,97528
119.740965,0.049504,0,1,1284,97602,97602
119.818818,0.049470,0,1,1285,97679,97679
119.890565,0.046138,0,1,1286,97756,97756
119.970011,0.046289,0,1,1287,97833,97833
120.040948,0.060875,0,1,1288,97910,97910
120.116477,0.051211,0,1,1289,97987,97987
120.194657,0.060897,0,1,1290,98064,98064
120.268008,0.049872,0,1,1291,98140,98140
120.342289,0.055031,0,1,1292,98216,98216
120.416241,0.048956,0,1,1293,98293,98293
120.497102,0.050867,0,1,1294,98369,98369
120.566992,0.049487,0,1,1295,98446,98446
120.642688,0.058067,0,1,1296,98523,98523
120.717409,0.049860,0,1,1297,98597,98597
120.794344,0.057675,0,1,1298,98674,98674
120.867388,0.049802,0,1,1299,98751,98751
120.942202,0.062286,0,1,1300,98828,98828
121.020762,0.048520,0,1,1301,98905,98905
121.092391,0.061133,0,1,1302,98982,98982
121.168155,0.050424,0,1,1303,99059,99059
121.243914,0.058466,0,1,1304,99135,99135
121.318293,0.050108,0,1,1305,99212,99212
121.393765,0.053530,0,1,1306,99289,99289
121.468624,0.056594,0,1,1307,99366,99366
121.545059,0.057363,0,1,1308,99443,99443
121.620276,0.051004,0,1,1309,99520,99520
121.697235,0.053658,0,1,1310,99597,99597
121.769793,0.052962,0,1,1311,99674,99674
121.843655,0.055391,0,1,1312,99751,99751
121.920468,0.050382,0,1,1313,99828,99828
121.994894,0.049380,0,1,1314,99905,99905
122.071780,0.058434,0,1,1315,99982,99982
122.144084,0.057667,0,1,1316,100058,100058
122.221292,0.050997,0,1,1317,100135,100135
122.295188,0.051418,0,1,1318,100212,100212
122.371430,0.064494,0,1,1319,100289,100289
122.444914,0.056075,0,1,1320,100365,100365
122.521287,0.057592,0,1,1321,100442,100442
122.596599,0.047978,0,1,1322,100519,100519
122.674649,0.060329,0,1,1323,100595,100595
122.744723,0.055542,0,1,1324,100671,100671
122.820966,0.048703,0,1,1325,100748,100748
122.896522,0.050654,0,1,1326,100825,100825
122.971242,0.049523,0,1,1327,100902,100902
123.058044,0.077086,0,1,1328,100979,100979
123.136062,0.045794,0,1,1329,101056,101056
123.203326,0.048642,0,1,1330,101133,101133
123.280529,0.048085,0,1,1331,101210,101210
123.354462,0.057298,0,1,1332,101287,101287
123.427540,0.051801,0,1,1333,101364,101364
123.503249,0.050574,0,1,1334,101441,101441
123.579000,0.053442,0,1,1335,101518,101518
123.652210,0.059594,0,1,1336,101595,101595
123.727857,0.057422,0,1,1337,101672,101672
123.802709,0.047728,0,1,1338,101749,101749
123.877937,0.052435,0,1,1339,101826,101826
123.952637,0.059809,0,1,1340,101903,101903
124.027474,0.056165,0,1,1341,101980,101980
124.106930,0.053997,0,1,1342,102057,102057
124.179341,0.047786,0,1,1343,102131,102131
124.256720,0.055260,0,1,1344,102208,102208
124.330083,0.053525,0,1,1345,102285,102285
124.404088,0.061915,0,1,1346,102362,102362
124.481949,0.050915,0,1,1347,102439,102439
124.554641,0.062526,0,1,1348,102516,102516
124.636035,0.062728,0,1,1349,102593,102593
124.710286,0.055004,0,1,1350,102670,102670
124.780258,0.051888,0,1,1351,102747,102747
124.857004,0.053957,0,1,1352,102824,102824
124.929142,0.053547,0,1,1353,102901,102901
125.004156,0.059641,0,1,1354,102978,102978
125.080119,0.050847,0,1,1355,103055,103055
125.154781,0.062337,0,1,1356,103132,103132
125.230205,0.054629,0,1,1357,103209,103209
125.305854,0.049468,0,1,1358,103286,103286
125.379847,0.051573,0,1,1359,103363,103363
125.454896,0.055928,0,1,1360,103440,103440
125.535754,0.062373,0,1,1361,103517,103517
125.608549,0.053677,0,1,1362,103594,103594
125.681944,0.060347,0,1,1363,103668,103668
125.756066,0.053675,0,1,1364,103744,103744
125.832128,0.049913,0,1,1365,103820,103820
125.906189,0.058620,0,1,1366,103897,103897
125.983219,0.049879,0,1,1367,103974,103974
126.057084,0.054625,0,1,1368,104051,104051
126.132162,0.046342,0,1,1369,104128,104128
126.207693,0.053824,0,1,1370,104205,104205
126.285467,0.057497,0,1,1371,104281,104281
126.358311,0.051438,0,1,1372,104358,104358
126.431899,0.050508,0,1,1373,104435,104435
126.508203,0.056825,0,1,1374,104512,104512
126.585881,0.056400,0,1,1375,104589,104589
126.660618,0.044903,0,1,1376,104665,104665
126.735293,0.059950,0,1,1377,104742,104742
126.808199,0.052479,0,1,1378,104819,104819
126.882689,0.061587,0,1,1379,104896,104896
126.956879,0.057291,0,1,1380,104972,104972
127.033355,0.048129,0,1,1381,105049,105049
127.108836,0.053088,0,1,1382,105126,105126
127.183202,0.056354,0,1,1383,105203,105203
127.258021,0.047746,0,1,1384,105280,105280
127.334140,0.059804,0,1,1385,105356,105356
127.408124,0.053135,0,1,1386,105433,105433
127.484711,0.051778,0,1,1387,105510,105510
127.559141,0.047233,0,1,1388,105587,105587
127.634022,0.067008,0,1,1389,105663,105663
127.713940,0.049094,0,1,1390,105740,105740
127.784411,0.057309,0,1,1391,105817,105817
127.860875,0.052348,0,1,1392,105894,105894
127.933786,0.060406,0,1,1393,105971,105971
128.009503,0.053259,0,1,1394,106048,106048
128.084853,0.061870,0,1,1395,106125,106125
128.160329,0.065681,0,1,1396,106202,106202
128.235686,0.060475,0,1,1397,106279,106279
128.310302,0.051178,0,1,1398,106356,106356
128.384576,0.056629,0,1,1399,106432,106432
128.459603,0.046885,0,1,1400,106509,106509
128.534973,0.059682,0,1,1401,106586,106586
128.611056,0.049118,0,1,1402,106663,106663
128.686582,0.058015,0,1,1403,106740,106740
128.762372,0.055775,0,1,1404,106817,106817
128.837432,0.056288,0,1,1405,106894,106894
128.916333,0.060242,0,1,1406,106970,106970
128.988393,0.052694,0,1,1407,107047,107047
129.062821,0.051844,0,1,1408,107124,107124
129.138503,0.056351,0,1,1409,107201,107201
129.217893,0.057909,0,1,1410,107278,107278
129.287528,0.052093,0,1,1411,107355,107355
129.362574,0.063932,0,1,1412,107431,107431
129.437293,0.057446,0,1,1413,107508,107508
129.512416,0.062229,0,1,1414,107585,107585
129.587569,0.057054,0,1,1415,107662,107662
129.666778,0.057102,0,1,1416,107739,107739
129.739900,0.049504,0,1,1417,107816,107816
129.813555,0.060415,0,1,1418,107893,107893
129.888350,0.049568,0,1,1419,107970,107970
129.963035,0.060475,0,1,1420,108047,108047
130.038944,0.052419,0,1,1421,108124,108124
130.115558,0.056107,0,1,1422,108201,108201
130.192145,0.052476,0,1,1423,108278,108278
130.265834,0.059384,0,1,1424,108355,108355
130.338860,0.055389,0,1,1425,108432,108432
130.414105,0.057566,0,1,1426,108509,108509
130.489114,0.050159,0,1,1427,108586,108586
130.570821,0.060069,0,1,1428,108663,108663
130.640048,0.051776,0,1,1429,108740,108740
130.718180,0.059976,0,1,1430,108817,108817
130.791271,0.046057,0,1,1431,108893,108893
130.865373,0.058245,0,1,1432,108970,108970
130.940066,0.052231,0,1,1433,109047,109047
131.015758,0.062267,0,1,1434,109124,109124
131.090702,0.053717,0,1,1435,109201,109201
131.166047,0.058422,0,1,1436,109278,109278
131.241441,0.050945,0,1,1437,109355,109355
131.318532,0.049065,0,1,1438,109432,109432
131.390654,0.051837,0,1,1439,109509,109509
131.465678,0.056341,0,1,1440,109586,109586
131.540848,0.048504,0,1,1441,109662,109662
131.615930,0.060218,0,1,1442,109739,109739
131.691038,0.047432,0,1,1443,109816,109816
131.765927,0.060018,0,1,1444,109893,109893
131.841668,0.043592,0,1,1445,109970,109970
131.920897,0.049609,0,1,1446,110047,110047
131.992264,0.050946,0,1,1447,110124,110124
132.068065,0.054742,0,1,1448,110201,110201
132.142493,0.052442,0,1,1449,110278,110278
132.220558,0.055907,0,1,1450,110355,110355
132.292505,0.049220,0,1,1451,110432,110432
132.367943,0.060389,0,1,1452,110509,110509
132.442526,0.050916,0,1,1453,110586,110586
132.518622,0.049006,0,1,1454,110663,110663
132.601044,0.053552,0,1,1455,110740,110740
132.673920,0.050384,0,1,1456,110817,110817
132.745372,0.057938,0,1,1457,110894,110894
132.824138,0.049160,0,1,1458,110970,110970
132.894280,0.059503,0,1,1459,111047,111047
132.969365,0.057651,0,1,1460,111124,111124
133.046154,0.062814,0,1,1461,111201,111201
133.122099,0.048441,0,1,1462,111278,111278
133.194839,0.065542,0,1,1463,111355,111355
133.270419,0.055547,0,1,1464,111432,111432
133.345936,0.052763,0,1,1465,111509,111509
133.420880,0.044539,0,1,1466,111586,111586
133.495476,0.061480,0,1,1467,111663,111663
133.571581,0.049899,0,1,1468,111740,111740
133.649225,0.052993,0,1,1469,111817,111817
133.723302,0.053141,0,1,1470,111894,111894
133.798461,0.055718,0,1,1471,111971,111971
133.874453,0.050132,0,1,1472,112048,112048
133.947646,0.054424,0,1,1473,112125,112125
134.021286,0.052537,0,1,1474,112202,112202
134.096611,0.056587,0,1,1475,112279,112279
134.172399,0.065443,0,1,1476,112356,112356
134.246820,0.058013,0,1,1477,112433,112433
134.321484,0.051700,0,1,1478,112510,112510
134.396897,0.055389,0,1,1479,112587,112587
134.470616,0.049179,0,1,1480,112664,112664
134.546058,0.062205,0,1,1481,112741,112741
134.621655,0.047062,0,1,1482,112818,112818
134.696050,0.060946,0,1,1483,112895,112895
134.771093,0.047564,0,1,1484,112972,112972
134.847611,0.051952,0,1,1485,113049,113049
134.924929,0.060059,0,1,1486,113126,113126
134.999345,0.059263,0,1,1487,113203,113203
135.072466,0.048510,0,1,1488,113280,113280
135.148387,0.057974,0,1,1489,113357,113357
135.222625,0.050358,0,1,1490,113434,113434
135.297965,0.058605,0,1,1491,113511,113511
135.373081,0.046594,0,1,1492,113588,113588
135.449723,0.049941,0,1,1493,113664,113664
135.522851,0.049402,0,1,1494,113741,113741
135.598309,0.055790,0,1,1495,113818,113818
135.673125,0.060570,0,1,1496,113895,113895
135.748909,0.056788,0,1,1497,113972,113972
135.823376,0.049440,0,1,1498,114049,114049
135.898519,0.054514,0,1,1499,114125,114125
135.973457,0.048808,0,1,1500,114202,114202
136.048869,0.050944,0,1,1501,114279,114279
136.124016,0.062126,0,1,1502,114356,114356
136.198937,0.053266,0,1,1503,114433,114433
136.274061,0.062832,0,1,1504,114510,114510
136.349409,0.071106,0,1,1505,114587,114587
136.424852,0.062346,0,1,1506,114664,114664
136.499557,0.055135,0,1,1507,114741,114741
136.574692,0.057749,0,1,1508,114818,114818
136.649444,0.054653,0,1,1509,114895,114895
136.724642,0.061727,0,1,1510,114972,114972
136.800199,0.054889,0,1,1511,115049,115049
136.875189,0.057082,0,1,1512,115126,115126
136.949783,0.050333,0,1,1513,115203,115203
137.025458,0.046382,0,1,1514,115280,115280
137.100659,0.053057,0,1,1515,115357,115357
137.175309,0.055083,0,1,1516,115434,115434
137.251772,0.052019,0,1,1517,115511,115511
137.327589,0.060779,0,1,1518,115588,115588
137.402889,0.051709,0,1,1519,115665,115665
137.479527,0.051523,0,1,1520,115742,115742
137.555263,0.048331,0,1,1521,115819,115819
137.627013,0.056948,0,1,1522,115896,115896
137.703558,0.051353,0,1,1523,115973,115973
137.776769,0.061878,0,1,1524,116050,116050
137.855258,0.049737,0,1,1525,116127,116127
137.926613,0.058762,0,1,1526,116204,116204
138.005223,0.067949,0,1,1527,116281,116281
138.079010,0.059033,0,1,1528,116358,116358
138.153512,0.053701,0,1,1529,116435,116435
138.227598,0.059116,0,1,1530,116512,116512
138.304387,0.048432,0,1,1531,116588,116588
138.378624,0.052111,0,1,1532,116665,116665
138.455570,0.048402,0,1,1533,116742,116742
138.529107,0.055301,0,1,1534,116819,116819
138.605215,0.048091,0,1,1535,116896,116896
138.678914,0.052537,0,1,1536,116973,116973
138.754296,0.048129,0,1,1537,117050,117050
138.828992,0.052621,0,1,1538,117127,117127
138.903619,0.047423,0,1,1539,117204,117204
138.978749,0.056756,0,1,1540,117281,117281
139.059840,0.055677,0,1,1541,117358,117358
139.128976,0.052156,0,1,1542,117435,117435
139.204389,0.062497,0,1,1543,117512,117512
139.279076,0.055621,0,1,1544,117589,117589
139.354137,0.050349,0,1,1545,117666,117666
139.432143,0.054013,0,1,1546,117743,117743
139.504561,0.055638,0,1,1547,117820,117820
139.578408,0.048153,0,1,1548,117897,117897
139.654601,0.047916,0,1,1549,117974,117974
139.729793,0.052348,0,1,1550,118051,118051
139.804777,0.059698,0,1,1551,118128,118128
139.881903,0.054537,0,1,1552,118205,118205
139.955050,0.064354,0,1,1553,118282,118282
140.031041,0.047728,0,1,1554,118359,118359
140.103944,0.046342,0,1,1555,118434,118434
140.181265,0.048050,0,1,1556,118511,118511
140.257936,0.056988,0,1,1557,118587,118587
140.329274,0.052052,0,1,1558,118664,118664
140.407324,0.057691,0,1,1559,118741,118741
140.480110,0.053451,0,1,1560,118818,118818
140.558487,0.053858,0,1,1561,118895,118895
140.632883,0.049802,0,1,1562,118972,118972
140.712224,0.055557,0,1,1563,119049,119049
140.788817,0.060727,0,1,1564,119126,119126
140.867029,0.049882,0,1,1565,119203,119203
140.939206,0.057332,0,1,1566,119279,119279
141.016593,0.049380,0,1,1567,119356,119356
141.093005,0.054664,0,1,1568,119433,119433
141.164865,0.051969,0,1,1569,119510,119510
141.243166,0.055968,0,1,1570,119587,119587
141.315222,0.047385,0,1,1571,119664,119664
141.390183,0.062538,0,1,1572,119741,119741
141.464953,0.051208,0,1,1573,119818,119818
141.539820,0.055074,0,1,1574,119895,119895
141.616051,0.059361,0,1,1575,119972,119972
141.694036,0.051728,0,1,1576,120049,120049
141.765749,0.052074,0,1,1577,120126,120126
141.841294,0.055042,0,1,1578,120203,120203
141.916455,0.049695,0,1,1579,120280,120280
141.992756,0.053920,0,1,1580,120357,120357
142.066438,0.046647,0,1,1581,120434,120434
142.141592,0.053610,0,1,1582,120511,120511
142.217036,0.047979,0,1,1583,120588,120588
142.292738,0.053011,0,1,1584,120665,120665
142.368296,0.054872,0,1,1585,120742,120742
142.442646,0.057058,0,1,1586,120818,120818
142.516893,0.049344,0,1,1587,120895,120895
142.592432,0.057217,0,1,1588,120966,120966
142.670071,0.061901,0,1,1589,121043,121043
142.742657,0.051200,0,1,1590,121119,121119
